classifier,best_params,best_score,best_accuracy,accuracy,confusion_matrix,n,p,tn,fp,fn,tp,runtime
rbf,"{'C': 0.0001, 'gamma': 0.01, 'kernel': 'rbf'}",0.55,"{'0': {'precision': 0.6666666666666666, 'recall': 0.6666666666666666, 'f1-score': 0.6666666666666666, 'support': 3.0}, '1': {'precision': 0.6666666666666666, 'recall': 0.6666666666666666, 'f1-score': 0.6666666666666666, 'support': 3.0}, 'accuracy': 0.6666666666666666, 'macro avg': {'precision': 0.6666666666666666, 'recall': 0.6666666666666666, 'f1-score': 0.6666666666666666, 'support': 6.0}, 'weighted avg': {'precision': 0.6666666666666666, 'recall': 0.6666666666666666, 'f1-score': 0.6666666666666666, 'support': 6.0}}",0.6666666666666666,"[[2 1]
 [1 2]]",24,24,2,1,1,2,0 days 00:04:32.612915
